guid,first,last,age,saving,email,phone,city,state,zip,
ff828a33-8514-58d6-9554-06fd4fab3935,Tom,Fields,21,$4207.44,himak@upeiv.gl,(768) 303-9015,Izcehnef,LA,29537
b0a1f6d0-724e-5211-b49e-fd32c892f4b7,Allie,Greene,63,$9721.36,line@ihewebco.so,(545) 438-9111,Tioraom,VT,71072
d6a73ba8-04bb-5dbf-b62d-c8d156d8fd14,Elijah,Aguilar,47,$3432.83,widekel@viomo.hm,(553) 672-4279,Vakgazri,UT,13465
d470904c-adcd-5dc3-9e47-882facbbbebf,Tillie,Moody,61,$3235.78,duz@kempo.om,(617) 305-8662,Dijjiwo,NY,36970
b309a81d-fb1c-5a81-9000-42590505f108,Mamie,Robbins,58,$6481.91,fu@hapozagij.sy,(768) 961-6156,Ecbejof,MA,60748
a5b903cf-62ee-588a-a365-424580ec3c9a,Victor,Williamson,35,$6820.02,nouv@pacam.lr,(276) 332-1470,Vocwando,OR,15382
5bc81c6c-20a9-5720-bcf5-7171774093da,Elizabeth,Hogan,28,$2250.18,lor@nigu.np,(373) 401-9860,Cojlifnis,SD,63372
85418357-206e-5b02-876f-3c511dfe048b,Lillian,Joseph,48,$3488.80,zaifu@zegvug.ms,(413) 794-1438,Dogosur,RI,28624
b15ae392-13dc-5eca-b702-580c8ced566c,Julian,Jacobs,51,$3910.55,detwoc@ofhinu.ad,(421) 807-6686,Sosgazro,KY,80918
5aff3113-9cc3-5a68-82f1-507d705b891a,Bertha,Ramirez,41,$8153.44,rehamir@sofoap.fj,(748) 341-9477,Epaguag,WV,24417
2962dd42-810b-5ac7-8c41-2605df8ca9d0,Louisa,Bates,48,$3066.37,de@fe.gov,(766) 399-6915,Kurovov,MN,24513
1afd1000-8d03-56dc-a9ed-08652b6165f5,Micheal,Ramos,59,$2067.71,wesba@rigi.fr,(314) 997-8094,Vajteseku,CT,48627
24c7350f-ff4a-5eee-93a1-d7a5e5968142,Rosie,Stevens,60,$2824.42,bilan@waim.tk,(779) 537-7995,Boljecciz,WV,02796
fc4a582d-951c-56dd-baa0-51d36a924c79,Christopher,Bates,49,$6607.45,vowso@lugesha.tg,(546) 769-2513,Edurakad,NJ,93077
b13aedd4-3ff3-5084-92f6-754fff942c10,Elmer,Chandler,22,$6944.27,pit@on.ps,(282) 775-4945,Hojloam,FL,87064
5691e26a-0990-578b-bb52-52f48c30e523,Mattie,Osborne,45,$9381.72,bubbekfi@laflaffub.et,(271) 778-6847,Nitucca,DE,83785
34345215-69fb-58da-8cbf-51fbb9a3331b,Jessie,Tyler,55,$6787.06,ebwava@ho.lt,(212) 884-2625,Jehnupsew,HI,39217
941504ca-0b84-5305-a5be-32fe3d617741,Grace,Peters,19,$7991.89,juv@pavto.dz,(537) 996-5067,Hiijlon,SC,24192
972b9b6e-90b9-5665-8c69-7b77499a5110,Evan,Walker,48,$3565.33,coged@gabtodo.fr,(542) 467-4517,Zodnecal,AR,54695
b43c60f7-6c1c-5b1f-b341-c408a1554329,Mattie,Ross,28,$6974.58,juleze@fur.it,(340) 988-4479,Garganuju,UT,09198
5f1f4384-4535-5887-99e3-6a78307d5e5e,Ethel,Lloyd,24,$9230.06,loc@ruf.nc,(669) 220-7778,Juwsavve,RI,84725
271e4a15-7959-5ff9-bb5d-81e77e02f47b,Wayne,Richards,57,$626.84,nu@eju.us,(862) 406-9864,Lilciih,GA,24092
591b6a65-3266-5ef9-ba96-81840f5e662d,Jim,Freeman,56,$8799.50,on@fokvehfiw.re,(558) 424-5886,Lusufhoz,MD,79953
b62d90fe-4757-55b8-bb47-92a7f4792084,Chase,Morgan,38,$1447.06,sucwolucu@vuol.in,(620) 963-1114,Zefalpo,VT,82750
f9a15e52-e464-57e8-a5dd-17aab07569f3,Rodney,Guzman,65,$6345.15,wognet@nimnap.mm,(232) 240-1041,Teawjop,NV,65580
85440877-502d-5937-ba65-65b467f37ab6,Alberta,Perkins,36,$2796.10,meftasivi@moletuane.ec,(857) 799-6595,Sezielo,SD,00540
addc4e29-33e4-586e-81a7-5df90695dbd1,Inez,Clark,30,$6063.30,roderkuw@at.eg,(864) 934-1220,Dausiosa,IN,27540
57cf9b4b-bc0e-5323-acbe-ebd263c87ae6,Joe,Moreno,48,$8886.51,wackuzuk@rup.lu,(288) 973-2621,Sahaiki,SD,32123
263fadcb-7103-5405-8b7f-82a6a5723418,Mamie,Cole,34,$5093.76,katzifid@nut.ly,(835) 515-8818,Makmirat,MA,83244
254531b8-31b4-5bad-a380-820076efd5d2,Franklin,Barrett,31,$8484.09,fen@moscowkuv.ae,(710) 630-8924,Lervulzi,RI,31009
a9410517-be7d-52ca-a33d-82dca232caa3,Kyle,Sims,42,$7200.83,vozif@senot.eu,(952) 325-8638,Icpiholo,OH,58966
e5692d2e-d677-5f0c-8f0f-676fc308a60b,Thomas,Fernandez,53,$5795.02,jonla@ku.uz,(652) 491-1506,Batimjem,AZ,05553
6aef8e5a-c4dc-5f15-9fff-a691a50cd802,Cordelia,Poole,34,$2109.74,gi@ujpa.cy,(618) 840-5970,Bisikud,NE,05083
762707fe-f208-51f5-8444-42a86c6585eb,Marie,Mason,26,$5494.38,ickev@jutueru.ye,(583) 503-5194,Goktilup,CA,70761
786569d4-7798-551a-893d-c2354dfbe8a5,Glen,Kelley,52,$7622.28,cova@luef.cw,(463) 585-2301,Jahezuw,WA,53183
073172d5-e672-55b2-b21a-6ddde6074334,Phoebe,Hale,61,$1366.42,epvaele@haflo.as,(955) 835-6416,Notsazbar,IL,61289
c2d5bf7b-f14a-55cc-aa97-3b0969262b04,Luke,Rhodes,65,$4094.23,giboda@hu.lc,(405) 529-1238,Zupbote,OH,34045
c199dd3f-a882-5bc2-ae1e-eeb77275f7f7,Stephen,Taylor,42,$9516.12,ledzefkit@huv.gov,(872) 827-6438,Ecotikeh,CA,31966
9a25a149-4918-554f-afdd-f029c797168a,Jayden,Welch,42,$6208.29,gaj@kiodsu.mg,(856) 480-3354,Rovpati,ME,37534
f09986b4-962b-5df8-ba8d-ebd3e4234b33,Rena,Keller,48,$2714.89,muomotem@ruwkawih.vc,(400) 797-3404,Muvkevhi,NV,14219
240ae2d1-2134-58fe-a15f-d7fe01005106,Leah,Gutierrez,23,$3936.66,cin@ker.je,(302) 768-4748,Emmelpa,NC,46934
08138d92-d8cc-5c54-af99-93df5a107d8f,Wesley,Ross,43,$438.91,wango@manoz.ly,(340) 725-8347,Wusecas,AR,87349
69198455-679e-53df-9873-7f3cbc892c4c,Jorge,Hall,42,$6042.62,hossif@ozehari.fi,(532) 307-5034,Paksizdih,NH,31658
b859ce0b-2104-5506-bab7-f69ece9d542a,Nelle,Pierce,41,$1569.24,pen@ruldep.md,(866) 358-2360,Lunibga,NY,52683
fa7d3c5b-5ee1-5b59-ba07-26f50938f60d,Mattie,Harrison,60,$1026.16,kow@he.hu,(712) 512-5914,Nidpaoju,PA,97989
df944e10-0bbe-5d29-b28e-628885dd5152,Edward,Santiago,19,$2344.86,jab@fof.cm,(638) 747-6509,Tivimup,HI,05252
75fc92a0-e7c0-5719-9e02-3798c7f8ada5,Roy,Greene,56,$1495.51,romfaflat@ot.bz,(703) 827-5396,Icasurduz,MA,65505
4a0893a8-2320-506f-903a-1aba45a08ec5,Lydia,Gibson,60,$8377.93,vad@kom.cx,(457) 724-4349,Ziknihla,NH,22067
c3004358-4c88-59a3-a20a-5395cdb9dd4f,Jeffery,Baker,25,$4366.10,juvlicpiw@hodekvi.km,(902) 736-6620,Egokmiv,WI,87213
7ced0b3e-2b33-5884-8056-fd3c3e793632,Aiden,Chandler,60,$6343.15,kaenfek@degbej.me,(459) 501-2021,Iklomul,PA,32619
dcc18276-3e1b-5761-b6a2-863fac9bc80e,Herman,Mullins,18,$1048.62,ebgah@hungusnin.tg,(239) 401-8983,Sukjumzen,NH,05526
c3fb76c8-d3b3-5893-94c9-411940b22f59,Mollie,Jackson,64,$3014.65,ta@sufjudga.md,(323) 321-2538,Botitwaf,DE,88214
8742ef39-830b-5e47-9f67-1a4d0835d332,Bess,Day,48,$1843.65,sotelhef@fa.gp,(551) 213-8698,Jumihhut,VT,64429
a196b621-7104-5f3a-8143-ae59eb0b042a,Sue,Cobb,31,$1791.89,zebwamsa@ge.edu,(818) 331-6882,Umvujde,AR,29866
3a3cc9e4-1ef9-5081-856e-03730867301f,Agnes,Miller,65,$4455.56,kafajuzo@tajzeen.vg,(642) 649-7641,Maecriw,OR,20574
f50f3305-e113-5fa6-b5fd-f59bd2e38165,Eunice,Caldwell,55,$7345.05,bobateju@toppigdul.mu,(411) 540-4628,Ukanuzov,CO,97749
08dedc46-dcf1-5513-88fa-69f6eb268389,Cora,Hamilton,41,$7798.65,jetu@opujjal.cn,(243) 646-9007,Jajkobeb,SD,25193
d02b7f3e-956e-5f37-89db-b5158a6bd4c0,Sylvia,Martinez,38,$2056.20,modasaf@zug.as,(529) 276-4570,Ivfuimu,MT,30085
5579b343-b6f5-5217-9ed7-ef5a6cf0d25c,Mitchell,Jennings,18,$1359.38,sal@ucti.su,(578) 503-9171,Tepmigu,NC,96894
f78f5c4f-67dd-5cde-8b39-30bbe164bc75,Luke,Potter,27,$5313.16,imahu@omipi.ru,(226) 293-4267,Nodsibbic,RI,56450
ab3b6151-008c-5dde-a103-c3bcc043985a,Russell,Lambert,54,$4166.44,vi@idiwe.gq,(824) 584-7584,Ijjubkir,DC,11745
601e2c5d-e702-5a58-831b-ceb2fdb02845,Edith,Mack,55,$6984.96,si@asub.km,(954) 465-3421,Epkeli,DC,41029
ae703836-b88b-5c69-bdbc-d3d7c3176e50,Mittie,Cox,49,$7398.01,ivwot@te.hm,(246) 229-3992,Komotetof,SD,74121
12a3c419-4f76-5994-a8b3-fac2c6a66eb9,Ina,Gregory,22,$8307.90,nevloeba@mawlorajo.ae,(400) 439-7163,Locanehek,MS,46027
d2493a02-f0e5-5e79-b9f3-d196eebc4601,Joshua,Saunders,32,$3763.69,zublen@fehzeco.co.uk,(987) 766-6896,Kubeug,ND,45931
640a7a7b-96b4-52e3-9814-aaea977218f8,Leonard,Diaz,24,$5685.23,zaifen@fobsethu.it,(840) 276-4229,Zefehki,ID,07449
885ec5a9-d820-5704-b201-fcd7f599e849,Rosetta,Jordan,53,$7742.47,ihefa@anusu.dj,(559) 937-4842,Zelwisot,OR,14361
54362a22-64df-51b0-bd75-84e8427c35ec,Harvey,Drake,59,$3645.37,ti@maf.vg,(718) 805-3282,Focsutap,FL,32271
d241d47e-7fe4-5c69-907d-8e55432447d6,Dylan,Willis,64,$4205.53,sa@ogfo.gp,(988) 938-6476,Negersu,AR,57212
731a5ce2-9be8-5200-86cb-85b52b93b8d6,Harriet,Chavez,51,$4736.25,fuwju@dozfe.kn,(684) 967-5326,Mapibor,FL,14901
3270bc89-0b14-5ebf-b7c1-03d75af2041f,David,Austin,35,$2289.82,fe@zehdu.ck,(872) 849-3227,Cikekce,AK,16220
75474a21-41f2-5e11-9523-b7ed6a6e173d,Russell,Gardner,54,$7104.60,gufeb@us.qa,(782) 334-7057,Ehewavi,NJ,99690
28a084dc-16bb-564a-a286-8b54bd83d7dc,Allen,Elliott,34,$4044.46,kilak@ug.pg,(433) 550-9334,Zihijroz,NC,83825
8cadf3cf-55e4-55f6-b525-47677b32e954,Caroline,Willis,32,$1208.79,bu@ba.kn,(867) 229-2295,Jocoiju,OH,98758
33740942-470a-5df8-911d-b97a22fceced,Harry,McLaughlin,48,$7108.98,lup@fazzuafi.tc,(957) 621-2215,Zavreju,NY,53985
67b60a81-e96e-5e8d-b529-4a6d4786f379,Barry,Jefferson,44,$9560.01,metzu@hiptemrur.ar,(542) 948-8739,Imeetbu,SC,33299
57d0b627-2780-536e-a64d-204f03267b53,Charles,Lawrence,48,$8181.77,posluwin@lu.lc,(927) 946-8201,Kuhjovza,AK,66135
7b72bfdd-ad0a-5a44-b8f9-ba02bf040735,Jesus,Cain,50,$9369.66,ugzigo@jorrobahi.gm,(469) 853-9334,Ugisapa,AZ,48911
c8b2bb71-5c86-565c-a717-69b950b02143,Clayton,Farmer,25,$3784.37,wipog@ru.sa,(543) 819-2457,Wofadaz,AL,66467
2941be32-8c50-5b46-907c-b92c7b9d8bd2,Ricardo,Wood,37,$6377.04,tigurha@eldo.de,(334) 841-8846,Tezahiwac,ND,39099
af5abdb0-5008-529b-8df3-4446c9a571bb,Luella,Powers,63,$8636.74,nijip@gogaf.eh,(633) 511-2420,Ubapejhe,TN,15811
9f623a79-1051-5e8b-aeba-a5971f157c2a,Jerry,Collins,55,$7163.09,fuljej@zus.ru,(611) 808-8972,Gaumko,AL,19043
627af4a2-dab5-50dd-b562-cf95aad8df81,Nicholas,Dixon,23,$8941.25,ibzawon@ufpihuz.fo,(664) 710-6389,Dasakvom,CO,52040
2621740a-1ce6-5860-83ad-0d2b264327a3,Maggie,Gilbert,51,$9300.24,nosaco@citajnek.gy,(757) 775-2698,Secohsa,AZ,95759
d463ca3f-d628-5461-b414-46d30e26a952,Nina,Ray,60,$1268.45,posocuz@mazni.la,(972) 774-6039,Puttitso,CO,69653
d6cc1856-d40b-551b-a5a1-aefccd81313a,Kenneth,Carpenter,35,$1707.55,gawseop@koala.lc,(814) 591-9267,Okudidod,NH,09736
e7140c2b-a08c-5fd6-8f99-dc1f3bd68da6,Curtis,Wong,30,$2350.05,ekeigiga@ogekuwaw.net,(354) 347-3828,Ewiamkef,NH,96220
de55687f-11e6-5f8b-885f-bf7920854ea0,Lloyd,Miles,52,$2356.26,rozra@jecotufi.at,(958) 367-2647,Uwlazem,OH,80539
be303518-9726-5a57-a3fd-f4455cb19779,Leo,Patterson,19,$7802.24,hedi@homal.sv,(471) 872-1421,Icuedegav,FL,57891
9fe17a22-a285-5480-90bc-8d55da43d53e,Ryan,Griffith,40,$2848.37,ocivonla@fessopalu.vc,(326) 680-6531,Ujiciva,ID,73608
ec54a27c-5e87-5972-aaed-2066acf19981,Owen,Figueroa,40,$7060.93,olnefif@vimfep.an,(315) 541-6309,Urumso,NJ,89185
48336a3d-ff11-5759-8141-6c3ba1ff2a08,May,Reeves,57,$7722.24,gu@sitow.md,(849) 353-2984,Rapricuj,NJ,40332
62050edd-f341-57a0-8ac2-6376da9019cf,Nicholas,Knight,50,$562.99,nonot@bomko.ms,(816) 202-8961,Macvalrez,OH,16311
c406a25f-15a9-50d7-93ff-a068c50fb2e1,Jerry,Jackson,48,$4666.97,tamaddig@faca.th,(821) 291-2582,Machuhdo,HI,18405
1d972724-cc97-5a8e-898f-4220ceb56c91,Lizzie,Dean,34,$8304.83,raki@valeh.il,(984) 630-6206,Igeduiv,ND,32567
af45e0b5-6661-5a35-8718-7e0640d0f07d,Lela,Woods,60,$2212.79,oce@da.mo,(646) 423-7020,Apfejog,GA,14278
a9cb6480-d447-5296-a1a1-ba7239adf3d2,Willie,Ramsey,63,$5476.33,awet@utujona.ne,(943) 831-3801,Muzreduv,IN,81726
866ec027-de5c-52cc-8717-c5bfa190a11b,Jesse,Wilkins,65,$2510.22,nahro@pa.mc,(670) 952-1739,Joecfo,ME,77540
06b47de5-9cba-50b9-8a4f-c1fd123882a1,Dollie,Luna,53,$3216.93,upe@ku.ly,(333) 750-8012,Sovovo,OR,00375
95c63b9d-dbf3-50ec-81c9-af339062b9fc,Christopher,Floyd,22,$9588.71,ajcil@ho.jp,(403) 393-1764,Agsimsa,DE,75870